1166_000;000;DE;Deutschland;Deutschland
1166_499;499;ASI;Übriges Asien;Übriges Asien
1166_431;431;LK;Sri Lanka;Sri Lanka
1166_163;163;TR;Türkei;Türkei
1166_287;287;EG;Ägypten;Ägypten
1166_155;155;SK;Slowakei;Slowakei
1166_361;361;PE;Peru;Peru
1166_255;255;NE;Niger;Niger
1166_364;364;SR;Suriname;Suriname
1166_365;365;UY;Uruguay;Uruguay
1166_257;257;ZM;Sambia;Sambia
1166_135;135;IE;Irland;Irland
1166_998;998;NN;Ungeklärt;Ungeklärt
1166_999;999;NN;ohne Angabe Staatsangehörigkeit;Ohne Angabe einer ausländ. Staatsangehörigkeit
1166_144;144;MK;Nordmazedonien, ehem. jugosl. Republik;Nordmazedonien, ehem. jugosl. Republik
1166_146;146;MD;Moldau, Republik;Moldau, Republik
1166_147;147;FR;Monaco;Monaco
1166_148;148;NL;Niederlande;Niederlande
1166_149;149;NO;Norwegen;Norwegen
1166_151;151;AT;Österreich;Österreich
1166_237;237;GM;Gambia;Gambia
1166_256;256;MW;Malawi;Malawi
1166_150;150;XK;Kosovo;Kosovo
1166_422;422;AM;Armenien;Armenien
1166_238;238;GH;Ghana;Ghana
1166_367;367;VE;Venezuela;Venezuela
1166_421;421;YE;Jemen;Jemen
1166_247;247;LR;Liberia;Liberia
1166_248;248;LY;Libyen;Libyen
1166_438;438;IQ;Irak;Irak
1166_439;439;IR;Iran;Iran
1166_145;145;MT;Malta;Malta
1166_153;153;PT;Portugal;Portugal
1166_154;154;RO;Rumänien;Rumänien
1166_156;156;SM;San Marino;San Marino
1166_157;157;SE;Schweden;Schweden
1166_158;158;CH;Schweiz;Schweiz
1166_160;160;RU;Russland;Russland
1166_161;161;ES;Spanien;Spanien
1166_164;164;CZ;Tschechische Republik;Tschechische Republik
1166_165;165;HU;Ungarn;Ungarn
1166_166;166;UA;Ukraine;Ukraine
1166_167;167;VA;Vatikanstadt;Vatikanstadt
1166_168;168;GB;Großbritannien;Großbritannien
1166_170;170;XS;Serbien;Serbien
1166_181;181;CY;Zypern;Zypern
1166_182;182;FO;Färöer (Dänisches Überseegebiet);Färöer (Dänisches Überseegebiet)
1166_185;185;GB;Britisches Überseegebiet außerhalb Europas;Britisches Überseegebiet außerhalb Europas
1166_211;211;YZ;Mayotte (Französisches Überseegebiet);Mayotte (Französisches Überseegebiet)
1166_214;214;FR;Réunion (Französisches Überseegebiet);Réunion (Französisches Überseegebiet)
1166_216;216;ES;Spanische Hoheitsplätze in Nordafrika (Spanisches ;Spanische Hoheitsplätze in Nordafrika (Spanisches Überseegebiet)
1166_221;221;DZ;Algerien;Algerien
1166_223;223;AO;Angola;Angola
1166_169;169;BY;Belarus;Belarus
1166_224;224;ER;Eritrea;Eritrea
1166_225;225;ET;Äthiopien;Äthiopien
1166_226;226;LS;Lesotho;Lesotho
1166_227;227;BW;Botsuana;Botsuana
1166_230;230;DJ;Dschibuti;Dschibuti
1166_231;231;CI;Cote d’Ivoire (Elfenbeinküste);Cote d’Ivoire (Elfenbeinküste)
1166_232;232;NG;Nigeria;Nigeria
1166_233;233;ZW;Simbabwe;Simbabwe
1166_236;236;GA;Gabun;Gabun
1166_239;239;MR;Mauretanien;Mauretanien
1166_242;242;CV;Kap Verde;Kap Verde
1166_243;243;KE;Kenia;Kenia
1166_244;244;KM;Komoren;Komoren
1166_245;245;CG;Kongo, Republik;Kongo, Republik
1166_246;246;CD;Kongo, Dem. Republik;Kongo, Demokratische  Republik
1166_121;121;AL;Albanien;Albanien
1166_112;112;GI;Gibraltar (Britisches Überseegebiet);Gibraltar (Britisches Überseegebiet)
1166_113;113;GB;Guernsey (Britisches Überseegebiet);Guernsey (Britisches Überseegebiet)
1166_114;114;GB;Jersey (Britisches Überseegebiet);Jersey (Britisches Überseegebiet)
1166_115;115;GB;Insel Man (Britisches Überseegebiet);Insel Man (Britisches Überseegebiet)
1166_116;116;NO;Svalbard und Jan Mayen (u. a. Bäreninsel, Spitzber;Svalbard und Jan Mayen (u. a. Bäreninsel, Spitzbergen) (Norwegisches Überseegebiet)
1166_122;122;BA;Bosnien-Herzegowina;Bosnien-Herzegowina
1166_123;123;AD;Andorra;Andorra
1166_124;124;BE;Belgien;Belgien
1166_125;125;BG;Bulgarien;Bulgarien
1166_126;126;DK;Dänemark;Dänemark
1166_127;127;EE;Estland;Estland
1166_128;128;FI;Finnland;Finnland
1166_129;129;FR;Frankreich;Frankreich
1166_130;130;HR;Kroatien;Kroatien
1166_131;131;SI;Slowenien;Slowenien
1166_134;134;GR;Griechenland;Griechenland
1166_136;136;IS;Island;Island
1166_137;137;IT;Italien;Italien
1166_139;139;LV;Lettland;Lettland
1166_140;140;ME;Montenegro;Montenegro
1166_141;141;LI;Liechtenstein;Liechtenstein
1166_142;142;LT;Litauen;Litauen
1166_143;143;LU;Luxemburg;Luxemburg
1166_249;249;MG;Madagaskar;Madagaskar
1166_251;251;ML;Mali;Mali
1166_252;252;MA;Marokko;Marokko
1166_253;253;MU;Mauritius;Mauritius
1166_254;254;MZ;Mosambik;Mosambik
1166_258;258;BF;Burkina Faso;Burkina Faso
1166_259;259;GW;Guinea-Bissau;Guinea-Bissau
1166_261;261;GN;Guinea;Guinea
1166_262;262;CM;Kamerun;Kamerun
1166_263;263;ZA;Südafrika;Südafrika
1166_265;265;RW;Ruanda;Ruanda
1166_267;267;NA;Namibia;Namibia
1166_268;268;ST;São Tomé und Principe;São Tomé und Principe
1166_269;269;SN;Senegal;Senegal
1166_271;271;SC;Seychellen;Seychellen
1166_272;272;SL;Sierra Leone;Sierra Leone
1166_273;273;SO;Somalia;Somalia
1166_274;274;GQ;Äquatorialguinea;Äquatorialguinea
1166_277;277;SD;Sudan;Sudan
1166_278;278;SS;Südsudan;Südsudan
1166_281;281;SZ;Swasiland;Swasiland
1166_282;282;TZ;Tansania, Vereinigte Republik;Tansania, Vereinigte Republik
1166_283;283;TG;Togo;Togo
1166_284;284;TD;Tschad;Tschad
1166_285;285;TN;Tunesien;Tunesien
1166_286;286;UG;Uganda;Uganda
1166_289;289;CF;Zentralafrikanische Republik;Zentralafrikanische Republik
1166_291;291;BI;Burundi;Burundi
1166_311;311;AW;Aruba (Niederländisches Überseegebiet);Aruba (Niederländisches Überseegebiet)
1166_315;315;FR;Französisch-Guayana (Französisches Überseegebiet);Französisch-Guayana (Französisches Überseegebiet)
1166_316;316;VI;Amerikanische Jungferninseln (US-Überseegebiet);Amerikanische Jungferninseln (US-Überseegebiet)
1166_317;317;FR;Guadeloupe (Französisches Überseegebiet);Guadeloupe (Französisches Überseegebiet)
1166_319;319;FR;Martinique (Französisches Überseegebiet);Martinique (Französisches Überseegebiet)
1166_320;320;AG;Antigua und Barbuda;Antigua und Barbuda
1166_321;321;CW;Curaçao (Niederländisches Überseegebiet);Curaçao (Niederländisches Überseegebiet)
1166_322;322;BB;Barbados;Barbados
1166_323;323;AR;Argentinien;Argentinien
1166_324;324;BS;Bahamas;Bahamas
1166_325;325;US;Puerto Rico (US-Überseegebiet);Puerto Rico (US-Überseegebiet)
1166_326;326;BO;Bolivien;Bolivien
1166_327;327;BR;Brasilien;Brasilien
1166_328;328;GY;Guyana;Guyana
1166_329;329;BL;St. Barthélemy (Französisches Überseegebiet);St. Barthélemy (Französisches Überseegebiet)
1166_330;330;BZ;Belize;Belize
1166_331;331;FR;St. Martin (Französisches Überseegebiet);St. Martin (Französisches Überseegebiet)
1166_332;332;CL;Chile;Chile
1166_333;333;DM;Dominica;Dominica
1166_334;334;CR;Costa Rica;Costa Rica
1166_335;335;DO;Dominikanische Republik;Dominikanische Republik
1166_336;336;EC;Ecuador;Ecuador
1166_337;337;SV;El Salvador;El Salvador
1166_338;338;PM;St. Pierre und Miquelon (Französisches Überseegebi;St. Pierre und Miquelon (Französisches Überseegebiet)
1166_152;152;PL;Polen;Polen
1166_340;340;GD;Grenada;Grenada
1166_341;341;SX;St. Martin (niederländischer Teil) (Niederländisch;St. Martin (niederländischer Teil) (Niederländisches Überseegebiet)
1166_342;342;GL;Grönland (Dänisches Überseegebiet);Grönland (Dänisches Überseegebiet)
1166_343;343;US;Navassa (US-Überseegebiet);Navassa (US-Überseegebiet)
1166_344;344;BQ;Bonaire, Saba, St. Eustatius (Niederländisches Übe;Bonaire, Saba, St. Eustatius (Niederländisches Überseegebiet)
1166_345;345;GT;Guatemala;Guatemala
1166_346;346;HT;Haiti;Haiti
1166_347;347;HN;Honduras;Honduras
1166_348;348;CA;Kanada;Kanada
1166_349;349;CO;Kolumbien;Kolumbien
1166_351;351;CU;Kuba;Kuba
1166_352;352;FR;Clipperton (Französisches Überseegebiet);Clipperton (Französisches Überseegebiet)
1166_353;353;MX;Mexiko;Mexiko
1166_354;354;NI;Nicaragua;Nicaragua
1166_355;355;JM;Jamaika;Jamaika
1166_357;357;PA;Panama;Panama
1166_359;359;PY;Paraguay;Paraguay
1166_366;366;LC;St. Lucia;St. Lucia
1166_368;368;US;USA;USA
1166_369;369;VC;St. Vincent und die Grenadinen;St. Vincent und die Grenadinen
1166_370;370;KN;St. Kitts und Nevis;St. Kitts und Nevis
1166_371;371;TT;Trinidad und Tobago;Trinidad und Tobago
1166_411;411;HK;Hongkong;Hongkong
1166_412;412;MO;Macau;Macau
1166_423;423;AF;Afghanistan;Afghanistan
1166_424;424;BH;Bahrain;Bahrain
1166_425;425;AZ;Aserbaidschan;Aserbaidschan
1166_426;426;BT;Bhutan;Bhutan
1166_427;427;MM;Myanmar;Myanmar
1166_429;429;BN;Brunei Daressalam;Brunei Daressalam
1166_430;430;GE;Georgien;Georgien
1166_432;432;VN;Vietnam;Vietnam
1166_434;434;KP;Korea, Demokr. VR;Korea, Demokratische Volksrepublik
1166_436;436;IN;Indien;Indien
1166_437;437;ID;Indonesien;Indonesien
1166_441;441;IL;Israel;Israel
1166_442;442;JP;Japan;Japan
1166_444;444;KZ;Kasachstan;Kasachstan
1166_445;445;JO;Jordanien;Jordanien
1166_446;446;KH;Kambodscha;Kambodscha
1166_447;447;QA;Katar;Katar
1166_448;448;KW;Kuwait;Kuwait
1166_449;449;LA;Laos, Dem. Volksrepublik;Laos, Demokratische Volksrepublik
1166_450;450;KG;Kirgisistan;Kirgisistan
1166_451;451;LB;Libanon;Libanon
1166_454;454;MV;Malediven;Malediven
1166_456;456;OM;Oman, Sultanat;Oman, Sultanat
1166_457;457;MN;Mongolei;Mongolei
1166_458;458;NP;Nepal;Nepal
1166_459;459;PS;Palästinensische Gebiete;Palästinensische Gebiete
1166_460;460;BD;Bangladesch;Bangladesch
1166_461;461;PK;Pakistan;Pakistan
1166_462;462;PH;Philippinen;Philippinen
1166_465;465;TW;Taiwan;Taiwan
1166_467;467;KR;Korea, Republik;Korea, Republik
1166_469;469;AE;Vereinigte Arabische Emirate;Vereinigte Arabische Emirate
1166_470;470;TJ;Tadschikistan;Tadschikistan
1166_471;471;TM;Turkmenistan;Turkmenistan
1166_472;472;SA;Saudi-Arabien;Saudi-Arabien
1166_474;474;SG;Singapur;Singapur
1166_475;475;SY;Syrien;Syrien
1166_476;476;TH;Thailand;Thailand
1166_477;477;ZU;Usbekistan;Usbekistan
1166_479;479;CN;China;China
1166_482;482;MY;Malaysia;Malaysia
1166_483;483;TL;Timor-Leste;Timor-Leste
1166_510;510;HM;Heard und McDonaldinseln (Australisches Überseegeb;Heard und McDonaldinseln (Australisches Überseegebiet)
1166_511;511;AU;Korallenmeerinseln (Australisches Überseegebiet);Korallenmeerinseln (Australisches Überseegebiet)
1166_512;512;CC;Kokosinseln (Australisches Überseegebiet);Kokosinseln (Australisches Überseegebiet)
1166_513;513;NC;Neukaledonien (Französisches Überseegebiet);Neukaledonien (Französisches Überseegebiet)
1166_514;514;MP;Nördliche Marianen (US-Überseegebiet);Nördliche Marianen (US-Überseegebiet)
1166_515;515;NF;Norfolkinseln (Australisches Überseegebiet);Norfolkinseln (Australisches Überseegebiet)
1166_517;517;AS;Amerikanisch-Samoa (US-Überseegebiet);Amerikanisch-Samoa (US-Überseegebiet)
1166_519;519;TK;Tokelau (Neuseeländisches Überseegebiet);Tokelau (Neuseeländisches Überseegebiet)
1166_520;520;WF;Wallis und Futuna (Französisches Überseegebiet);Wallis und Futuna (Französisches Überseegebiet)
1166_521;521;KI;Weihnachtsinseln (Australisches Überseegebiet);Weihnachtsinseln (Australisches Überseegebiet)
1166_522;522;BV;Bouvetinsel (Norwegisches Überseegebiet);Bouvetinsel (Norwegisches Überseegebiet)
1166_523;523;AU;Australien;Australien
1166_229;229;BJ;Benin;Benin
1166_524;524;SB;Salomonen;Salomonen
1166_525;525;AU;Ashmore- und Cartierinseln (Australisches Überseeg;Ashmore- und Cartierinseln (Australisches Überseegebiet)
1166_526;526;FJ;Fidschi;Fidschi
1166_527;527;CK;Cookinseln;Cookinseln
1166_528;528;PF;Französisch-Polynesien (Französisches Überseegebie;Französisch-Polynesien (Französisches Überseegebiet)
1166_529;529;GU;Guam (US-Überseegebiet);Guam (US-Überseegebiet)
1166_530;530;KI;Kiribati;Kiribati
1166_532;532;VU;Vanuatu;Vanuatu
1166_533;533;NU;Niue;Niue
1166_534;534;UM;Kleinere Amerikanische Überseeinseln (US-Überseege;Kleinere Amerikanische Überseeinseln (US-Überseegebiet)
1166_535;535;NO;Norwegisches Antarktis-Territorium (Norwegisches Ü;Norwegisches Antarktis-Territorium (Norwegisches Überseegebiet)
1166_536;536;NZ;Neuseeland;Neuseeland
1166_537;537;PW;Palau;Palau
1166_538;538;PG;Papua-Neuguinea;Papua-Neuguinea
1166_540;540;TV;Tuvalu;Tuvalu
1166_541;541;TO;Tonga;Tonga
1166_542;542;TF;Französische Süd- und Antarktisgebiete (Französisc;Französische Süd- und Antarktisgebiete (Französisches Überseegebiet)
1166_543;543;WS;Samoa;Samoa
1166_544;544;MH;Marshallinseln;Marshallinseln
1166_545;545;FM;Mikronesien;Mikronesien
1166_546;546;CL;Chilenische Antarktis (Chilenisches Überseegebiet);Chilenische Antarktis (Chilenisches Überseegebiet)
1166_547;547;AU;Australisches Antarktis-Territorium (Australisches;Australisches Antarktis-Territorium (Australisches Überseegebiet)
1166_548;548;AR;Argentinische Antarktis (Argentinisches Überseegeb;Argentinische Antarktis (Argentinisches Überseegebiet)
1166_549;549;NZ;Neuseeländische Antarktis: Ross-Nebenbiet (Neuseel;Neuseeländische Antarktis: Ross-Nebenbiet (Neuseeländisches Überseegebiet)
1166_997;997;NN;Staatenlos;Staatenlos
1166_531;531;NR;Nauru;Nauru
